-- Insert into User table (10 records)
INSERT INTO User (user_id, first_name, last_name, email, password_hash, phone_number, role, created_at) VALUES
('550e8400-e29b-41d4-a716-446655440000', 'Ahmed', 'Mohamed', 'ahmed.mohamed@example.com', 'hash1', '0123456789', 'host', CURRENT_TIMESTAMP),
('550e8400-e29b-41d4-a716-446655440001', 'Fatma', 'Ali', 'fatma.ali@example.com', 'hash2', '0123456790', 'guest', CURRENT_TIMESTAMP),
('550e8400-e29b-41d4-a716-446655440002', 'Omar', 'Hassan', 'omar.hassan@example.com', 'hash3', '0123456791', 'host', CURRENT_TIMESTAMP),
('550e8400-e29b-41d4-a716-446655440003', 'Sara', 'Khaled', 'sara.khaled@example.com', 'hash4', '0123456792', 'guest', CURRENT_TIMESTAMP),
('550e8400-e29b-41d4-a716-446655440004', 'Mona', 'Youssef', 'mona.youssef@example.com', 'hash5', '0123456793', 'admin', CURRENT_TIMESTAMP),
('550e8400-e29b-41d4-a716-446655440005', 'Khaled', 'Ibrahim', 'khaled.ibrahim@example.com', 'hash6', '0123456794', 'host', CURRENT_TIMESTAMP),
('550e8400-e29b-41d4-a716-446655440006', 'Laila', 'Mahmoud', 'laila.mahmoud@example.com', 'hash7', '0123456795', 'guest', CURRENT_TIMESTAMP),
('550e8400-e29b-41d4-a716-446655440007', 'Yassin', 'Sayed', 'yassin.sayed@example.com', 'hash8', '0123456796', 'host', CURRENT_TIMESTAMP),
('550e8400-e29b-41d4-a716-446655440008', 'Nour', 'Ezz', 'nour.ezz@example.com', 'hash9', '0123456797', 'guest', CURRENT_TIMESTAMP),
('550e8400-e29b-41d4-a716-446655440009', 'Amr', 'Gamal', 'amr.gamal@example.com', 'hash10', '0123456798', 'host', CURRENT_TIMESTAMP);

-- Insert into Property table (10 records)
INSERT INTO Property (property_id, host_id, name, description, location, pricepernight, created_at, updated_at) VALUES
('660e8400-e29b-41d4-a716-446655440000', '550e8400-e29b-41d4-a716-446655440000', 'Cozy Apartment', 'A cozy apartment in downtown', 'Cairo', 50.00, CURRENT_TIMESTAMP, CURRENT_TIMESTAMP),
('660e8400-e29b-41d4-a716-446655440001', '550e8400-e29b-41d4-a716-446655440002', 'Beach House', 'Spacious house by the beach', 'Alexandria', 100.00, CURRENT_TIMESTAMP, CURRENT_TIMESTAMP),
('660e8400-e29b-41d4-a716-446655440002', '550e8400-e29b-41d4-a716-446655440005', 'Mountain Cabin', 'Rustic cabin in the mountains', 'Siwa', 75.00, CURRENT_TIMESTAMP, CURRENT_TIMESTAMP),
('660e8400-e29b-41d4-a716-446655440003', '550e8400-e29b-41d4-a716-446655440007', 'City Loft', 'Modern loft in the city center', 'Giza', 60.00, CURRENT_TIMESTAMP, CURRENT_TIMESTAMP),
('660e8400-e29b-41d4-a716-446655440004', '550e8400-e29b-41d4-a716-446655440000', 'Luxury Villa', 'Luxury villa with pool', 'Hurghada', 150.00, CURRENT_TIMESTAMP, CURRENT_TIMESTAMP),
('660e8400-e29b-41d4-a716-446655440005', '550e8400-e29b-41d4-a716-446655440002', 'Desert Tent', 'Traditional tent experience', 'Aswan', 40.00, CURRENT_TIMESTAMP, CURRENT_TIMESTAMP),
('660e8400-e29b-41d4-a716-446655440006', '550e8400-e29b-41d4-a716-446655440005', 'Riverside Cottage', 'Cottage by the Nile', 'Luxor', 80.00, CURRENT_TIMESTAMP, CURRENT_TIMESTAMP),
('660e8400-e29b-41d4-a716-446655440007', '550e8400-e29b-41d4-a716-446655440007', 'Urban Studio', 'Compact studio in urban area', 'Cairo', 45.00, CURRENT_TIMESTAMP, CURRENT_TIMESTAMP),
('660e8400-e29b-41d4-a716-446655440008', '550e8400-e29b-41d4-a716-446655440009', 'Seaside Apartment', 'Apartment with sea view', 'Sharm El Sheikh', 90.00, CURRENT_TIMESTAMP, CURRENT_TIMESTAMP),
('660e8400-e29b-41d4-a716-446655440009', '550e8400-e29b-41d4-a716-446655440000', 'Garden House', 'House with private garden', 'Mansoura', 55.00, CURRENT_TIMESTAMP, CURRENT_TIMESTAMP);

-- Insert into Booking table (10 records)
INSERT INTO Booking (booking_id, property_id, user_id, start_date, end_date, total_price, status, created_at) VALUES
('770e8400-e29b-41d4-a716-446655440000', '660e8400-e29b-41d4-a716-446655440000', '550e8400-e29b-41d4-a716-446655440001', '2025-10-01', '2025-10-03', 100.00, 'confirmed', CURRENT_TIMESTAMP),
('770e8400-e29b-41d4-a716-446655440001', '660e8400-e29b-41d4-a716-446655440001', '550e8400-e29b-41d4-a716-446655440003', '2025-10-05', '2025-10-07', 200.00, 'pending', CURRENT_TIMESTAMP),
('770e8400-e29b-41d4-a716-446655440002', '660e8400-e29b-41d4-a716-446655440002', '550e8400-e29b-41d4-a716-446655440006', '2025-10-10', '2025-10-12', 150.00, 'confirmed', CURRENT_TIMESTAMP),
('770e8400-e29b-41d4-a716-446655440003', '660e8400-e29b-41d4-a716-446655440003', '550e8400-e29b-41d4-a716-446655440008', '2025-10-15', '2025-10-17', 120.00, 'canceled', CURRENT_TIMESTAMP),
('770e8400-e29b-41d4-a716-446655440004', '660e8400-e29b-41d4-a716-446655440004', '550e8400-e29b-41d4-a716-446655440001', '2025-10-20', '2025-10-22', 300.00, 'confirmed', CURRENT_TIMESTAMP),
('770e8400-e29b-41d4-a716-446655440005', '660e8400-e29b-41d4-a716-446655440005', '550e8400-e29b-41d4-a716-446655440003', '2025-10-25', '2025-10-27', 80.00, 'pending', CURRENT_TIMESTAMP),
('770e8400-e29b-41d4-a716-446655440006', '660e8400-e29b-41d4-a716-446655440006', '550e8400-e29b-41d4-a716-446655440006', '2025-11-01', '2025-11-03', 160.00, 'confirmed', CURRENT_TIMESTAMP),
('770e8400-e29b-41d4-a716-446655440007', '660e8400-e29b-41d4-a716-446655440007', '550e8400-e29b-41d4-a716-446655440008', '2025-11-05', '2025-11-07', 90.00, 'confirmed', CURRENT_TIMESTAMP),
('770e8400-e29b-41d4-a716-446655440008', '660e8400-e29b-41d4-a716-446655440008', '550e8400-e29b-41d4-a716-446655440001', '2025-11-10', '2025-11-12', 180.00, 'pending', CURRENT_TIMESTAMP),
('770e8400-e29b-41d4-a716-446655440009', '660e8400-e29b-41d4-a716-446655440009', '550e8400-e29b-41d4-a716-446655440003', '2025-11-15', '2025-11-17', 110.00, 'confirmed', CURRENT_TIMESTAMP);

-- Insert into Payment table (10 records)
INSERT INTO Payment (payment_id, booking_id, amount, payment_date, payment_method) VALUES
('880e8400-e29b-41d4-a716-446655440000', '770e8400-e29b-41d4-a716-446655440000', 100.00, CURRENT_TIMESTAMP, 'credit_card'),
('880e8400-e29b-41d4-a716-446655440001', '770e8400-e29b-41d4-a716-446655440001', 200.00, CURRENT_TIMESTAMP, 'paypal'),
('880e8400-e29b-41d4-a716-446655440002', '770e8400-e29b-41d4-a716-446655440002', 150.00, CURRENT_TIMESTAMP, 'stripe'),
('880e8400-e29b-41d4-a716-446655440003', '770e8400-e29b-41d4-a716-446655440004', 300.00, CURRENT_TIMESTAMP, 'credit_card'),
('880e8400-e29b-41d4-a716-446655440004', '770e8400-e29b-41d4-a716-446655440006', 160.00, CURRENT_TIMESTAMP, 'paypal'),
('880e8400-e29b-41d4-a716-446655440005', '770e8400-e29b-41d4-a716-446655440007', 90.00, CURRENT_TIMESTAMP, 'stripe'),
('880e8400-e29b-41d4-a716-446655440006', '770e8400-e29b-41d4-a716-446655440008', 180.00, CURRENT_TIMESTAMP, 'credit_card'),
('880e8400-e29b-41d4-a716-446655440007', '770e8400-e29b-41d4-a716-446655440009', 110.00, CURRENT_TIMESTAMP, 'paypal'),
('880e8400-e29b-41d4-a716-446655440008', '770e8400-e29b-41d4-a716-446655440000', 50.00, CURRENT_TIMESTAMP, 'stripe'),
('880e8400-e29b-41d4-a716-446655440009', '770e8400-e29b-41d4-a716-446655440002', 75.00, CURRENT_TIMESTAMP, 'credit_card');

-- Insert into Review table (10 records)
INSERT INTO Review (review_id, property_id, user_id, rating, comment, created_at) VALUES
('990e8400-e29b-41d4-a716-446655440000', '660e8400-e29b-41d4-a716-446655440000', '550e8400-e29b-41d4-a716-446655440001', 5, 'Amazing stay!', CURRENT_TIMESTAMP),
('990e8400-e29b-41d4-a716-446655440001', '660e8400-e29b-41d4-a716-446655440001', '550e8400-e29b-41d4-a716-446655440003', 4, 'Great view, but noisy', CURRENT_TIMESTAMP),
('990e8400-e29b-41d4-a716-446655440002', '660e8400-e29b-41d4-a716-446655440002', '550e8400-e29b-41d4-a716-446655440006', 3, 'Good but needs cleaning', CURRENT_TIMESTAMP),
('990e8400-e29b-41d4-a716-446655440003', '660e8400-e29b-41d4-a716-446655440003', '550e8400-e29b-41d4-a716-446655440008', 5, 'Perfect location!', CURRENT_TIMESTAMP),
('990e8400-e29b-41d4-a716-446655440004', '660e8400-e29b-41d4-a716-446655440004', '550e8400-e29b-41d4-a716-446655440001', 4, 'Luxurious but pricey', CURRENT_TIMESTAMP),
('990e8400-e29b-41d4-a716-446655440005', '660e8400-e29b-41d4-a716-446655440005', '550e8400-e29b-41d4-a716-446655440003', 2, 'Not as advertised', CURRENT_TIMESTAMP),
('990e8400-e29b-41d4-a716-446655440006', '660e8400-e29b-41d4-a716-446655440006', '550e8400-e29b-41d4-a716-446655440006', 5, 'Loved the riverside view', CURRENT_TIMESTAMP),
('990e8400-e29b-41d4-a716-446655440007', '660e8400-e29b-41d4-a716-446655440007', '550e8400-e29b-41d4-a716-446655440008', 4, 'Cozy and clean', CURRENT_TIMESTAMP),
('990e8400-e29b-41d4-a716-446655440008', '660e8400-e29b-41d4-a716-446655440008', '550e8400-e29b-41d4-a716-446655440001', 5, 'Fantastic stay!', CURRENT_TIMESTAMP),
('990e8400-e29b-41d4-a716-446655440009', '660e8400-e29b-41d4-a716-446655440009', '550e8400-e29b-41d4-a716-446655440003', 3, 'Good but small', CURRENT_TIMESTAMP);

-- Insert into Message table (10 records)
INSERT INTO Message (message_id, sender_id, recipient_id, message_body, sent_at) VALUES
('aa0e8400-e29b-41d4-a716-446655440000', '550e8400-e29b-41d4-a716-446655440001', '550e8400-e29b-41d4-a716-446655440000', 'Is the apartment available next week?', CURRENT_TIMESTAMP),
('aa0e8400-e29b-41d4-a716-446655440001', '550e8400-e29b-41d4-a716-446655440000', '550e8400-e29b-41d4-a716-446655440001', 'Yes, it’s available!', CURRENT_TIMESTAMP),
('aa0e8400-e29b-41d4-a716-446655440002', '550e8400-e29b-41d4-a716-446655440003', '550e8400-e29b-41d4-a716-446655440002', 'Can you provide more photos?', CURRENT_TIMESTAMP),
('aa0e8400-e29b-41d4-a716-446655440003', '550e8400-e29b-41d4-a716-446655440002', '550e8400-e29b-41d4-a716-446655440003', 'Sure, I’ll send them soon.', CURRENT_TIMESTAMP),
('aa0e8400-e29b-41d4-a716-446655440004', '550e8400-e29b-41d4-a716-446655440006', '550e8400-e29b-41d4-a716-446655440005', 'What’s the check-in process?', CURRENT_TIMESTAMP),
('aa0e8400-e29b-41d4-a716-446655440005', '550e8400-e29b-41d4-a716-446655440005', '550e8400-e29b-41d4-a716-446655440006', 'I’ll meet you at the property.', CURRENT_TIMESTAMP),
('aa0e8400-e29b-41d4-a716-446655440006', '550e8400-e29b-41d4-a716-446655440008', '550e8400-e29b-41d4-a716-446655440007', 'Is Wi-Fi included?', CURRENT_TIMESTAMP),
('aa0e8400-e29b-41d4-a716-446655440007', '550e8400-e29b-41d4-a716-446655440007', '550e8400-e29b-41d4-a716-446655440008', 'Yes, free Wi-Fi included.', CURRENT_TIMESTAMP),
('aa0e8400-e29b-41d4-a716-446655440008', '550e8400-e29b-41d4-a716-446655440001', '550e8400-e29b-41d4-a716-446655440009', 'Can I bring a pet?', CURRENT_TIMESTAMP),
('aa0e8400-e29b-41d4-a716-446655440009', '550e8400-e29b-41d4-a716-446655440009', '550e8400-e29b-41d4-a716-446655440001', 'Sorry, no pets allowed.', CURRENT_TIMESTAMP);